{
  "Get post 4" : {
    "transaction" : "Get post 4",
    "sampleCount" : 500,
    "errorCount" : 0,
    "errorPct" : 0.0,
    "meanResTime" : 72.13999999999999,
    "medianResTime" : 64.0,
    "minResTime" : 44.0,
    "maxResTime" : 627.0,
    "pct1ResTime" : 90.90000000000003,
    "pct2ResTime" : 106.84999999999997,
    "pct3ResTime" : 340.52000000000044,
    "throughput" : 1.6768282458364354,
    "receivedKBytesPerSec" : 0.4224821166267581,
    "sentKBytesPerSec" : 0.2128785858972037
  },
  "Get post 5" : {
    "transaction" : "Get post 5",
    "sampleCount" : 500,
    "errorCount" : 0,
    "errorPct" : 0.0,
    "meanResTime" : 70.39799999999997,
    "medianResTime" : 63.5,
    "minResTime" : 44.0,
    "maxResTime" : 357.0,
    "pct1ResTime" : 93.90000000000003,
    "pct2ResTime" : 105.94999999999999,
    "pct3ResTime" : 325.1100000000008,
    "throughput" : 1.6770757166144536,
    "receivedKBytesPerSec" : 0.43073331393515757,
    "sentKBytesPerSec" : 0.21291000308581934
  },
  "Get post 2" : {
    "transaction" : "Get post 2",
    "sampleCount" : 500,
    "errorCount" : 0,
    "errorPct" : 0.0,
    "meanResTime" : 72.50800000000005,
    "medianResTime" : 64.5,
    "minResTime" : 43.0,
    "maxResTime" : 613.0,
    "pct1ResTime" : 93.0,
    "pct2ResTime" : 103.94999999999999,
    "pct3ResTime" : 456.0200000000018,
    "throughput" : 1.6764684186879286,
    "receivedKBytesPerSec" : 0.4223914570522321,
    "sentKBytesPerSec" : 0.21283290471624097
  },
  "Get post 3" : {
    "transaction" : "Get post 3",
    "sampleCount" : 500,
    "errorCount" : 0,
    "errorPct" : 0.0,
    "meanResTime" : 73.80599999999997,
    "medianResTime" : 63.0,
    "minResTime" : 44.0,
    "maxResTime" : 637.0,
    "pct1ResTime" : 93.0,
    "pct2ResTime" : 106.89999999999998,
    "pct3ResTime" : 362.7600000000002,
    "throughput" : 1.6766370684336185,
    "receivedKBytesPerSec" : 0.4273459715441157,
    "sentKBytesPerSec" : 0.21285431532848673
  },
  "Get posts" : {
    "transaction" : "Get posts",
    "sampleCount" : 500,
    "errorCount" : 0,
    "errorPct" : 0.0,
    "meanResTime" : 137.68400000000005,
    "medianResTime" : 119.0,
    "minResTime" : 88.0,
    "maxResTime" : 1213.0,
    "pct1ResTime" : 163.7000000000001,
    "pct2ResTime" : 245.0999999999998,
    "pct3ResTime" : 540.9000000000001,
    "throughput" : 1.6693710477640444,
    "receivedKBytesPerSec" : 1.7639252672663046,
    "sentKBytesPerSec" : 0.21030162613433762
  },
  "Get post 1" : {
    "transaction" : "Get post 1",
    "sampleCount" : 500,
    "errorCount" : 0,
    "errorPct" : 0.0,
    "meanResTime" : 71.66800000000005,
    "medianResTime" : 64.0,
    "minResTime" : 44.0,
    "maxResTime" : 384.0,
    "pct1ResTime" : 94.0,
    "pct2ResTime" : 105.89999999999998,
    "pct3ResTime" : 301.84000000000015,
    "throughput" : 1.6759008805183226,
    "receivedKBytesPerSec" : 0.42715832989773656,
    "sentKBytesPerSec" : 0.2127608539720527
  },
  "Total" : {
    "transaction" : "Total",
    "sampleCount" : 5500,
    "errorCount" : 0,
    "errorPct" : 0.0,
    "meanResTime" : 77.73236363636362,
    "medianResTime" : 66.0,
    "minResTime" : 43.0,
    "maxResTime" : 1273.0,
    "pct1ResTime" : 109.0,
    "pct2ResTime" : 133.0,
    "pct3ResTime" : 342.0,
    "throughput" : 18.331255791010353,
    "receivedKBytesPerSec" : 6.0181981458768,
    "sentKBytesPerSec" : 2.327210207843111
  },
  "Get post 10" : {
    "transaction" : "Get post 10",
    "sampleCount" : 500,
    "errorCount" : 0,
    "errorPct" : 0.0,
    "meanResTime" : 71.46599999999997,
    "medianResTime" : 62.0,
    "minResTime" : 44.0,
    "maxResTime" : 507.0,
    "pct1ResTime" : 92.0,
    "pct2ResTime" : 103.0,
    "pct3ResTime" : 341.38000000000056,
    "throughput" : 1.6777847871897777,
    "receivedKBytesPerSec" : 0.4178077350912044,
    "sentKBytesPerSec" : 0.21463848351744225
  },
  "Get post 8" : {
    "transaction" : "Get post 8",
    "sampleCount" : 500,
    "errorCount" : 0,
    "errorPct" : 0.0,
    "meanResTime" : 70.85400000000004,
    "medianResTime" : 63.0,
    "minResTime" : 43.0,
    "maxResTime" : 490.0,
    "pct1ResTime" : 92.90000000000003,
    "pct2ResTime" : 104.94999999999999,
    "pct3ResTime" : 338.98,
    "throughput" : 1.6774695707019873,
    "receivedKBytesPerSec" : 0.4439397008400768,
    "sentKBytesPerSec" : 0.21296000409302576
  },
  "Get post 9" : {
    "transaction" : "Get post 9",
    "sampleCount" : 500,
    "errorCount" : 0,
    "errorPct" : 0.0,
    "meanResTime" : 71.57,
    "medianResTime" : 64.0,
    "minResTime" : 43.0,
    "maxResTime" : 509.0,
    "pct1ResTime" : 94.0,
    "pct2ResTime" : 104.0,
    "pct3ResTime" : 341.6400000000003,
    "throughput" : 1.6776102777116053,
    "receivedKBytesPerSec" : 0.42431744328838455,
    "sentKBytesPerSec" : 0.21297786728760615
  },
  "Get post 6" : {
    "transaction" : "Get post 6",
    "sampleCount" : 500,
    "errorCount" : 0,
    "errorPct" : 0.0,
    "meanResTime" : 72.4139999999999,
    "medianResTime" : 62.0,
    "minResTime" : 43.0,
    "maxResTime" : 1273.0,
    "pct1ResTime" : 92.0,
    "pct2ResTime" : 105.89999999999998,
    "pct3ResTime" : 367.2500000000007,
    "throughput" : 1.6771994793972815,
    "receivedKBytesPerSec" : 0.43076510066551277,
    "sentKBytesPerSec" : 0.21292571515785802
  },
  "Get post 7" : {
    "transaction" : "Get post 7",
    "sampleCount" : 500,
    "errorCount" : 0,
    "errorPct" : 0.0,
    "meanResTime" : 70.54799999999997,
    "medianResTime" : 62.0,
    "minResTime" : 43.0,
    "maxResTime" : 575.0,
    "pct1ResTime" : 95.0,
    "pct2ResTime" : 108.94999999999999,
    "pct3ResTime" : 302.19000000000074,
    "throughput" : 1.6773288872935628,
    "receivedKBytesPerSec" : 0.43735040322986446,
    "sentKBytesPerSec" : 0.21294214389469057
  }
}