{
  "Total" : {
    "transaction" : "Total",
    "sampleCount" : 500,
    "errorCount" : 2,
    "errorPct" : 0.4,
    "meanResTime" : 6.0600000000000005,
    "medianResTime" : 5.0,
    "minResTime" : 2.0,
    "maxResTime" : 96.0,
    "pct1ResTime" : 8.0,
    "pct2ResTime" : 11.0,
    "pct3ResTime" : 50.98000000000002,
    "throughput" : 2.7853446306911556,
    "receivedKBytesPerSec" : 2.3902717834840206,
    "sentKBytesPerSec" : 0.33322949220382037
  },
  "Get gatito" : {
    "transaction" : "Get gatito",
    "sampleCount" : 500,
    "errorCount" : 2,
    "errorPct" : 0.4,
    "meanResTime" : 6.0600000000000005,
    "medianResTime" : 5.0,
    "minResTime" : 2.0,
    "maxResTime" : 96.0,
    "pct1ResTime" : 8.0,
    "pct2ResTime" : 11.0,
    "pct3ResTime" : 50.98000000000002,
    "throughput" : 2.7853446306911556,
    "receivedKBytesPerSec" : 2.3902717834840206,
    "sentKBytesPerSec" : 0.33322949220382037
  }
}