{
  "Get post 4" : {
    "transaction" : "Get post 4",
    "sampleCount" : 1000,
    "errorCount" : 539,
    "errorPct" : 53.9,
    "meanResTime" : 73.5550000000001,
    "medianResTime" : 80.0,
    "minResTime" : 38.0,
    "maxResTime" : 184.0,
    "pct1ResTime" : 104.0,
    "pct2ResTime" : 120.0,
    "pct3ResTime" : 141.96000000000004,
    "throughput" : 3.3462386604337393,
    "receivedKBytesPerSec" : 4.080457014636448,
    "sentKBytesPerSec" : 0.19433346376692778
  },
  "Get post 5" : {
    "transaction" : "Get post 5",
    "sampleCount" : 1000,
    "errorCount" : 540,
    "errorPct" : 54.0,
    "meanResTime" : 74.53699999999996,
    "medianResTime" : 80.0,
    "minResTime" : 39.0,
    "maxResTime" : 189.0,
    "pct1ResTime" : 108.0,
    "pct2ResTime" : 120.0,
    "pct3ResTime" : 138.99,
    "throughput" : 3.3466642124462442,
    "receivedKBytesPerSec" : 4.094499861950101,
    "sentKBytesPerSec" : 0.19393657652984386
  },
  "Get post 2" : {
    "transaction" : "Get post 2",
    "sampleCount" : 1000,
    "errorCount" : 539,
    "errorPct" : 53.9,
    "meanResTime" : 75.6580000000001,
    "medianResTime" : 80.0,
    "minResTime" : 37.0,
    "maxResTime" : 1180.0,
    "pct1ResTime" : 107.0,
    "pct2ResTime" : 120.0,
    "pct3ResTime" : 151.98000000000002,
    "throughput" : 3.345824411134904,
    "receivedKBytesPerSec" : 4.081258835067586,
    "sentKBytesPerSec" : 0.19430940615798983
  },
  "Get post 3" : {
    "transaction" : "Get post 3",
    "sampleCount" : 1000,
    "errorCount" : 537,
    "errorPct" : 53.7,
    "meanResTime" : 75.74199999999975,
    "medianResTime" : 81.0,
    "minResTime" : 39.0,
    "maxResTime" : 1003.0,
    "pct1ResTime" : 103.0,
    "pct2ResTime" : 120.94999999999993,
    "pct3ResTime" : 145.0,
    "throughput" : 3.346115494522409,
    "receivedKBytesPerSec" : 4.07414069139948,
    "sentKBytesPerSec" : 0.19516937513802726
  },
  "Get posts" : {
    "transaction" : "Get posts",
    "sampleCount" : 1000,
    "errorCount" : 540,
    "errorPct" : 54.0,
    "meanResTime" : 107.98799999999994,
    "medianResTime" : 94.0,
    "minResTime" : 75.0,
    "maxResTime" : 1296.0,
    "pct1ResTime" : 128.0,
    "pct2ResTime" : 143.94999999999993,
    "pct3ResTime" : 489.95000000000005,
    "throughput" : 3.335701681527218,
    "receivedKBytesPerSec" : 5.309629211740336,
    "sentKBytesPerSec" : 0.19180284668781503
  },
  "Get post 1" : {
    "transaction" : "Get post 1",
    "sampleCount" : 1000,
    "errorCount" : 540,
    "errorPct" : 54.0,
    "meanResTime" : 75.28399999999992,
    "medianResTime" : 80.0,
    "minResTime" : 38.0,
    "maxResTime" : 1085.0,
    "pct1ResTime" : 107.89999999999998,
    "pct2ResTime" : 124.0,
    "pct3ResTime" : 143.98000000000002,
    "throughput" : 3.3448507694829197,
    "receivedKBytesPerSec" : 4.089276053042644,
    "sentKBytesPerSec" : 0.19383148892687155
  },
  "Total" : {
    "transaction" : "Total",
    "sampleCount" : 11000,
    "errorCount" : 5917,
    "errorPct" : 53.79091,
    "meanResTime" : 77.97718181818178,
    "medianResTime" : 82.0,
    "minResTime" : 37.0,
    "maxResTime" : 1296.0,
    "pct1ResTime" : 109.0,
    "pct2ResTime" : 123.0,
    "pct3ResTime" : 150.0,
    "throughput" : 36.63357433784814,
    "receivedKBytesPerSec" : 45.89190694093835,
    "sentKBytesPerSec" : 2.1325495084024095
  },
  "Get post 10" : {
    "transaction" : "Get post 10",
    "sampleCount" : 1000,
    "errorCount" : 536,
    "errorPct" : 53.6,
    "meanResTime" : 73.79599999999996,
    "medianResTime" : 80.0,
    "minResTime" : 39.0,
    "maxResTime" : 219.0,
    "pct1ResTime" : 106.0,
    "pct2ResTime" : 121.0,
    "pct3ResTime" : 140.99,
    "throughput" : 3.3472467222086473,
    "receivedKBytesPerSec" : 4.059111958708365,
    "sentKBytesPerSec" : 0.19717375223010314
  },
  "Get post 8" : {
    "transaction" : "Get post 8",
    "sampleCount" : 1000,
    "errorCount" : 537,
    "errorPct" : 53.7,
    "meanResTime" : 73.63400000000003,
    "medianResTime" : 80.0,
    "minResTime" : 39.0,
    "maxResTime" : 198.0,
    "pct1ResTime" : 105.0,
    "pct2ResTime" : 121.0,
    "pct3ResTime" : 140.98000000000002,
    "throughput" : 3.3468770290441987,
    "receivedKBytesPerSec" : 4.088893393808612,
    "sentKBytesPerSec" : 0.19521379327511998
  },
  "Get post 9" : {
    "transaction" : "Get post 9",
    "sampleCount" : 1000,
    "errorCount" : 535,
    "errorPct" : 53.5,
    "meanResTime" : 76.29499999999987,
    "medianResTime" : 80.0,
    "minResTime" : 39.0,
    "maxResTime" : 1003.0,
    "pct1ResTime" : 104.0,
    "pct2ResTime" : 120.0,
    "pct3ResTime" : 144.93000000000006,
    "throughput" : 3.3470002510250185,
    "receivedKBytesPerSec" : 4.0588751725797,
    "sentKBytesPerSec" : 0.1960642676345076
  },
  "Get post 6" : {
    "transaction" : "Get post 6",
    "sampleCount" : 1000,
    "errorCount" : 537,
    "errorPct" : 53.7,
    "meanResTime" : 76.70700000000004,
    "medianResTime" : 80.0,
    "minResTime" : 38.0,
    "maxResTime" : 1095.0,
    "pct1ResTime" : 104.0,
    "pct2ResTime" : 116.94999999999993,
    "pct3ResTime" : 136.0,
    "throughput" : 3.3468210220522034,
    "receivedKBytesPerSec" : 4.076718890671071,
    "sentKBytesPerSec" : 0.19521052654698434
  },
  "Get post 7" : {
    "transaction" : "Get post 7",
    "sampleCount" : 1000,
    "errorCount" : 537,
    "errorPct" : 53.7,
    "meanResTime" : 74.553,
    "medianResTime" : 80.0,
    "minResTime" : 38.0,
    "maxResTime" : 1109.0,
    "pct1ResTime" : 104.89999999999998,
    "pct2ResTime" : 120.0,
    "pct3ResTime" : 151.97000000000003,
    "throughput" : 3.3469218359874424,
    "receivedKBytesPerSec" : 4.084202304062829,
    "sentKBytesPerSec" : 0.1952164067363496
  }
}