{
  "Get post 4" : {
    "transaction" : "Get post 4",
    "sampleCount" : 500,
    "errorCount" : 0,
    "errorPct" : 0.0,
    "meanResTime" : 48.75800000000001,
    "medianResTime" : 47.0,
    "minResTime" : 44.0,
    "maxResTime" : 80.0,
    "pct1ResTime" : 53.0,
    "pct2ResTime" : 58.0,
    "pct3ResTime" : 76.98000000000002,
    "throughput" : 2.78949365111245,
    "receivedKBytesPerSec" : 0.7028216425654416,
    "sentKBytesPerSec" : 0.34051436170806276
  },
  "Get post 5" : {
    "transaction" : "Get post 5",
    "sampleCount" : 500,
    "errorCount" : 0,
    "errorPct" : 0.0,
    "meanResTime" : 49.57199999999997,
    "medianResTime" : 47.0,
    "minResTime" : 43.0,
    "maxResTime" : 279.0,
    "pct1ResTime" : 51.0,
    "pct2ResTime" : 57.94999999999999,
    "pct3ResTime" : 83.99000000000001,
    "throughput" : 2.7896181570666605,
    "receivedKBytesPerSec" : 0.716474194637238,
    "sentKBytesPerSec" : 0.3405295601888014
  },
  "Get post 2" : {
    "transaction" : "Get post 2",
    "sampleCount" : 500,
    "errorCount" : 0,
    "errorPct" : 0.0,
    "meanResTime" : 48.839999999999996,
    "medianResTime" : 47.0,
    "minResTime" : 42.0,
    "maxResTime" : 99.0,
    "pct1ResTime" : 52.0,
    "pct2ResTime" : 57.0,
    "pct3ResTime" : 77.98000000000002,
    "throughput" : 2.789120199924136,
    "receivedKBytesPerSec" : 0.7027275503715108,
    "sentKBytesPerSec" : 0.3404687744048017
  },
  "Get post 3" : {
    "transaction" : "Get post 3",
    "sampleCount" : 500,
    "errorCount" : 0,
    "errorPct" : 0.0,
    "meanResTime" : 48.55799999999998,
    "medianResTime" : 47.0,
    "minResTime" : 43.0,
    "maxResTime" : 88.0,
    "pct1ResTime" : 51.0,
    "pct2ResTime" : 54.0,
    "pct3ResTime" : 78.99000000000001,
    "throughput" : 2.7892757924332527,
    "receivedKBytesPerSec" : 0.7109384588135537,
    "sentKBytesPerSec" : 0.34048776763101224
  },
  "Get posts" : {
    "transaction" : "Get posts",
    "sampleCount" : 500,
    "errorCount" : 0,
    "errorPct" : 0.0,
    "meanResTime" : 145.20199999999994,
    "medianResTime" : 141.0,
    "minResTime" : 130.0,
    "maxResTime" : 519.0,
    "pct1ResTime" : 159.90000000000003,
    "pct2ResTime" : 168.0,
    "pct3ResTime" : 191.9000000000001,
    "throughput" : 2.781254345709915,
    "receivedKBytesPerSec" : 2.938786330134891,
    "sentKBytesPerSec" : 0.33679251842581004
  },
  "Get post 1" : {
    "transaction" : "Get post 1",
    "sampleCount" : 500,
    "errorCount" : 0,
    "errorPct" : 0.0,
    "meanResTime" : 49.02599999999995,
    "medianResTime" : 47.0,
    "minResTime" : 43.0,
    "maxResTime" : 83.0,
    "pct1ResTime" : 52.900000000000034,
    "pct2ResTime" : 60.0,
    "pct3ResTime" : 77.0,
    "throughput" : 2.7886068677809943,
    "receivedKBytesPerSec" : 0.7107679614168354,
    "sentKBytesPerSec" : 0.3404061117896721
  },
  "Total" : {
    "transaction" : "Total",
    "sampleCount" : 5500,
    "errorCount" : 0,
    "errorPct" : 0.0,
    "meanResTime" : 57.60181818181822,
    "medianResTime" : 48.0,
    "minResTime" : 42.0,
    "maxResTime" : 519.0,
    "pct1ResTime" : 78.0,
    "pct2ResTime" : 140.0,
    "pct3ResTime" : 158.98999999999978,
    "throughput" : 30.51283758293944,
    "receivedKBytesPerSec" : 10.017442594256929,
    "sentKBytesPerSec" : 3.724711619011162
  },
  "Get post 10" : {
    "transaction" : "Get post 10",
    "sampleCount" : 500,
    "errorCount" : 0,
    "errorPct" : 0.0,
    "meanResTime" : 48.50600000000002,
    "medianResTime" : 47.0,
    "minResTime" : 42.0,
    "maxResTime" : 87.0,
    "pct1ResTime" : 51.900000000000034,
    "pct2ResTime" : 55.0,
    "pct3ResTime" : 80.0,
    "throughput" : 2.7904744364636875,
    "receivedKBytesPerSec" : 0.6948935364240628,
    "sentKBytesPerSec" : 0.34335915917424276
  },
  "Get post 8" : {
    "transaction" : "Get post 8",
    "sampleCount" : 500,
    "errorCount" : 0,
    "errorPct" : 0.0,
    "meanResTime" : 48.62600000000002,
    "medianResTime" : 47.0,
    "minResTime" : 43.0,
    "maxResTime" : 77.0,
    "pct1ResTime" : 52.0,
    "pct2ResTime" : 58.0,
    "pct3ResTime" : 74.0,
    "throughput" : 2.790256424565418,
    "receivedKBytesPerSec" : 0.7384370029855744,
    "sentKBytesPerSec" : 0.3406074737018332
  },
  "Get post 9" : {
    "transaction" : "Get post 9",
    "sampleCount" : 500,
    "errorCount" : 0,
    "errorPct" : 0.0,
    "meanResTime" : 48.50600000000001,
    "medianResTime" : 47.0,
    "minResTime" : 42.0,
    "maxResTime" : 83.0,
    "pct1ResTime" : 51.0,
    "pct2ResTime" : 57.0,
    "pct3ResTime" : 75.98000000000002,
    "throughput" : 2.7903809986215515,
    "receivedKBytesPerSec" : 0.705770193987287,
    "sentKBytesPerSec" : 0.34062268049579486
  },
  "Get post 6" : {
    "transaction" : "Get post 6",
    "sampleCount" : 500,
    "errorCount" : 0,
    "errorPct" : 0.0,
    "meanResTime" : 49.10600000000003,
    "medianResTime" : 47.0,
    "minResTime" : 43.0,
    "maxResTime" : 104.0,
    "pct1ResTime" : 52.0,
    "pct2ResTime" : 62.0,
    "pct3ResTime" : 83.96000000000004,
    "throughput" : 2.7898672023211697,
    "receivedKBytesPerSec" : 0.7165381584086598,
    "sentKBytesPerSec" : 0.34055996122084586
  },
  "Get post 7" : {
    "transaction" : "Get post 7",
    "sampleCount" : 500,
    "errorCount" : 0,
    "errorPct" : 0.0,
    "meanResTime" : 48.91999999999995,
    "medianResTime" : 47.0,
    "minResTime" : 43.0,
    "maxResTime" : 94.0,
    "pct1ResTime" : 52.0,
    "pct2ResTime" : 61.0,
    "pct3ResTime" : 82.96000000000004,
    "throughput" : 2.7900695843354333,
    "receivedKBytesPerSec" : 0.7274888466968367,
    "sentKBytesPerSec" : 0.34058466605657145
  }
}