{
  "Get post 4" : {
    "transaction" : "Get post 4",
    "sampleCount" : 500,
    "errorCount" : 230,
    "errorPct" : 46.0,
    "meanResTime" : 72.69600000000003,
    "medianResTime" : 71.5,
    "minResTime" : 39.0,
    "maxResTime" : 907.0,
    "pct1ResTime" : 104.0,
    "pct2ResTime" : 121.89999999999998,
    "pct3ResTime" : 150.97000000000003,
    "throughput" : 1.6704083814410948,
    "receivedKBytesPerSec" : 1.8000607819849799,
    "sentKBytesPerSec" : 0.11363344516717448
  },
  "Get post 5" : {
    "transaction" : "Get post 5",
    "sampleCount" : 500,
    "errorCount" : 230,
    "errorPct" : 46.0,
    "meanResTime" : 72.99000000000011,
    "medianResTime" : 73.0,
    "minResTime" : 39.0,
    "maxResTime" : 1151.0,
    "pct1ResTime" : 105.0,
    "pct2ResTime" : 115.94999999999999,
    "pct3ResTime" : 167.87000000000012,
    "throughput" : 1.6702354029776956,
    "receivedKBytesPerSec" : 1.8042783184236988,
    "sentKBytesPerSec" : 0.11362167790178349
  },
  "Get post 2" : {
    "transaction" : "Get post 2",
    "sampleCount" : 500,
    "errorCount" : 230,
    "errorPct" : 46.0,
    "meanResTime" : 70.33799999999991,
    "medianResTime" : 72.5,
    "minResTime" : 39.0,
    "maxResTime" : 162.0,
    "pct1ResTime" : 101.0,
    "pct2ResTime" : 120.94999999999999,
    "pct3ResTime" : 145.94000000000005,
    "throughput" : 1.6710224652260226,
    "receivedKBytesPerSec" : 1.8007225292261828,
    "sentKBytesPerSec" : 0.11367521965590305
  },
  "Get post 3" : {
    "transaction" : "Get post 3",
    "sampleCount" : 500,
    "errorCount" : 230,
    "errorPct" : 46.0,
    "meanResTime" : 71.29800000000003,
    "medianResTime" : 74.5,
    "minResTime" : 39.0,
    "maxResTime" : 307.0,
    "pct1ResTime" : 100.0,
    "pct2ResTime" : 117.84999999999997,
    "pct3ResTime" : 148.95000000000005,
    "throughput" : 1.6706930368855608,
    "receivedKBytesPerSec" : 1.8030106201779623,
    "sentKBytesPerSec" : 0.11365280952094549
  },
  "Get posts" : {
    "transaction" : "Get posts",
    "sampleCount" : 500,
    "errorCount" : 230,
    "errorPct" : 46.0,
    "meanResTime" : 105.10599999999998,
    "medianResTime" : 95.0,
    "minResTime" : 75.0,
    "maxResTime" : 1102.0,
    "pct1ResTime" : 125.0,
    "pct2ResTime" : 140.0,
    "pct3ResTime" : 197.99,
    "throughput" : 1.6704083814410948,
    "receivedKBytesPerSec" : 2.5259054239830556,
    "sentKBytesPerSec" : 0.11275256574727391
  },
  "Get post 1" : {
    "transaction" : "Get post 1",
    "sampleCount" : 500,
    "errorCount" : 230,
    "errorPct" : 46.0,
    "meanResTime" : 75.43199999999996,
    "medianResTime" : 74.5,
    "minResTime" : 39.0,
    "maxResTime" : 1095.0,
    "pct1ResTime" : 102.0,
    "pct2ResTime" : 121.0,
    "pct3ResTime" : 178.95000000000005,
    "throughput" : 1.6708605265884036,
    "receivedKBytesPerSec" : 1.8031913749344186,
    "sentKBytesPerSec" : 0.11366420340053533
  },
  "Total" : {
    "transaction" : "Total",
    "sampleCount" : 5500,
    "errorCount" : 2535,
    "errorPct" : 46.090908,
    "meanResTime" : 74.97636363636383,
    "medianResTime" : 78.0,
    "minResTime" : 0.0,
    "maxResTime" : 1151.0,
    "pct1ResTime" : 108.0,
    "pct2ResTime" : 121.94999999999982,
    "pct3ResTime" : 149.0,
    "throughput" : 18.306483823725205,
    "receivedKBytesPerSec" : 20.514524660705966,
    "sentKBytesPerSec" : 1.2432416830315538
  },
  "Get post 10" : {
    "transaction" : "Get post 10",
    "sampleCount" : 500,
    "errorCount" : 231,
    "errorPct" : 46.2,
    "meanResTime" : 70.00199999999998,
    "medianResTime" : 70.0,
    "minResTime" : 39.0,
    "maxResTime" : 158.0,
    "pct1ResTime" : 104.80000000000007,
    "pct2ResTime" : 116.89999999999998,
    "pct3ResTime" : 141.0,
    "throughput" : 1.668791594630496,
    "receivedKBytesPerSec" : 1.8029826468620043,
    "sentKBytesPerSec" : 0.11397976965669619
  },
  "Get post 8" : {
    "transaction" : "Get post 8",
    "sampleCount" : 500,
    "errorCount" : 231,
    "errorPct" : 46.2,
    "meanResTime" : 70.43399999999998,
    "medianResTime" : 70.5,
    "minResTime" : 39.0,
    "maxResTime" : 304.0,
    "pct1ResTime" : 100.90000000000003,
    "pct2ResTime" : 117.94999999999999,
    "pct3ResTime" : 144.98000000000002,
    "throughput" : 1.6695717214620105,
    "receivedKBytesPerSec" : 1.8165559897137686,
    "sentKBytesPerSec" : 0.11315587559854146
  },
  "Get post 9" : {
    "transaction" : "Get post 9",
    "sampleCount" : 500,
    "errorCount" : 231,
    "errorPct" : 46.2,
    "meanResTime" : 72.54999999999994,
    "medianResTime" : 73.5,
    "minResTime" : 40.0,
    "maxResTime" : 1083.0,
    "pct1ResTime" : 101.0,
    "pct2ResTime" : 117.89999999999998,
    "pct3ResTime" : 142.97000000000003,
    "throughput" : 1.668986557982262,
    "receivedKBytesPerSec" : 1.806700767191396,
    "sentKBytesPerSec" : 0.11311621591512201
  },
  "Get post 6" : {
    "transaction" : "Get post 6",
    "sampleCount" : 500,
    "errorCount" : 231,
    "errorPct" : 46.2,
    "meanResTime" : 70.23599999999996,
    "medianResTime" : 71.5,
    "minResTime" : 0.0,
    "maxResTime" : 152.0,
    "pct1ResTime" : 104.90000000000003,
    "pct2ResTime" : 119.94999999999999,
    "pct3ResTime" : 134.99,
    "throughput" : 1.6701182443717015,
    "receivedKBytesPerSec" : 1.8101309111747612,
    "sentKBytesPerSec" : 0.11319291640223128
  },
  "Get post 7" : {
    "transaction" : "Get post 7",
    "sampleCount" : 500,
    "errorCount" : 231,
    "errorPct" : 46.2,
    "meanResTime" : 73.65800000000002,
    "medianResTime" : 76.0,
    "minResTime" : 39.0,
    "maxResTime" : 1087.0,
    "pct1ResTime" : 101.0,
    "pct2ResTime" : 117.0,
    "pct3ResTime" : 149.0,
    "throughput" : 1.6700624603360166,
    "receivedKBytesPerSec" : 1.8135801911804001,
    "sentKBytesPerSec" : 0.1131891356174221
  }
}