{
  "Total" : {
    "transaction" : "Total",
    "sampleCount" : 500,
    "errorCount" : 0,
    "errorPct" : 0.0,
    "meanResTime" : 13.726000000000022,
    "medianResTime" : 5.0,
    "minResTime" : 2.0,
    "maxResTime" : 482.0,
    "pct1ResTime" : 10.0,
    "pct2ResTime" : 40.94999999999999,
    "pct3ResTime" : 232.97000000000003,
    "throughput" : 2.7851584476640876,
    "receivedKBytesPerSec" : 2.3693756336235468,
    "sentKBytesPerSec" : 0.3399851620683701
  },
  "Get gatito" : {
    "transaction" : "Get gatito",
    "sampleCount" : 500,
    "errorCount" : 0,
    "errorPct" : 0.0,
    "meanResTime" : 13.726000000000022,
    "medianResTime" : 5.0,
    "minResTime" : 2.0,
    "maxResTime" : 482.0,
    "pct1ResTime" : 10.0,
    "pct2ResTime" : 40.94999999999999,
    "pct3ResTime" : 232.97000000000003,
    "throughput" : 2.7851584476640876,
    "receivedKBytesPerSec" : 2.3693756336235468,
    "sentKBytesPerSec" : 0.3399851620683701
  }
}