{
  "Get post 4" : {
    "transaction" : "Get post 4",
    "sampleCount" : 500,
    "errorCount" : 181,
    "errorPct" : 36.2,
    "meanResTime" : 187.00400000000013,
    "medianResTime" : 93.0,
    "minResTime" : 45.0,
    "maxResTime" : 19267.0,
    "pct1ResTime" : 139.0,
    "pct2ResTime" : 223.34999999999985,
    "pct3ResTime" : 774.8700000000019,
    "throughput" : 1.6689475616676124,
    "receivedKBytesPerSec" : 1.5091164956690812,
    "sentKBytesPerSec" : 0.13517823316866384
  },
  "Get post 5" : {
    "transaction" : "Get post 5",
    "sampleCount" : 500,
    "errorCount" : 180,
    "errorPct" : 36.0,
    "meanResTime" : 141.83600000000007,
    "medianResTime" : 93.0,
    "minResTime" : 47.0,
    "maxResTime" : 19264.0,
    "pct1ResTime" : 140.0,
    "pct2ResTime" : 169.74999999999994,
    "pct3ResTime" : 468.5700000000004,
    "throughput" : 1.6689419909142797,
    "receivedKBytesPerSec" : 1.506526554118782,
    "sentKBytesPerSec" : 0.13560153676178524
  },
  "Get post 2" : {
    "transaction" : "Get post 2",
    "sampleCount" : 500,
    "errorCount" : 189,
    "errorPct" : 37.8,
    "meanResTime" : 412.3540000000003,
    "medianResTime" : 93.0,
    "minResTime" : 36.0,
    "maxResTime" : 19327.0,
    "pct1ResTime" : 143.0,
    "pct2ResTime" : 215.84999999999997,
    "pct3ResTime" : 19261.98,
    "throughput" : 1.668936420198136,
    "receivedKBytesPerSec" : 1.5678973143057893,
    "sentKBytesPerSec" : 0.13178730364963018
  },
  "Get post 3" : {
    "transaction" : "Get post 3",
    "sampleCount" : 500,
    "errorCount" : 186,
    "errorPct" : 37.2,
    "meanResTime" : 282.1439999999997,
    "medianResTime" : 94.0,
    "minResTime" : 45.0,
    "maxResTime" : 19267.0,
    "pct1ResTime" : 145.0,
    "pct2ResTime" : 222.64999999999992,
    "pct3ResTime" : 10220.990000000083,
    "throughput" : 1.668925278877414,
    "receivedKBytesPerSec" : 1.5457507702090163,
    "sentKBytesPerSec" : 0.13305767555425008
  },
  "Get posts" : {
    "transaction" : "Get posts",
    "sampleCount" : 500,
    "errorCount" : 198,
    "errorPct" : 39.6,
    "meanResTime" : 419.4080000000003,
    "medianResTime" : 132.0,
    "minResTime" : 86.0,
    "maxResTime" : 19290.0,
    "pct1ResTime" : 245.90000000000003,
    "pct2ResTime" : 612.8499999999999,
    "pct3ResTime" : 19263.84,
    "throughput" : 1.6689141377054433,
    "receivedKBytesPerSec" : 2.429358776068439,
    "sentKBytesPerSec" : 0.12698741597017316
  },
  "Get post 1" : {
    "transaction" : "Get post 1",
    "sampleCount" : 500,
    "errorCount" : 190,
    "errorPct" : 38.0,
    "meanResTime" : 1639.505999999999,
    "medianResTime" : 98.0,
    "minResTime" : 0.0,
    "maxResTime" : 43910.0,
    "pct1ResTime" : 211.90000000000003,
    "pct2ResTime" : 7547.799999999994,
    "pct3ResTime" : 40437.97,
    "throughput" : 1.6689197082728349,
    "receivedKBytesPerSec" : 1.5696841778067057,
    "sentKBytesPerSec" : 0.13136223485038134
  },
  "Total" : {
    "transaction" : "Total",
    "sampleCount" : 5500,
    "errorCount" : 1988,
    "errorPct" : 36.145454,
    "meanResTime" : 447.40109090908976,
    "medianResTime" : 96.0,
    "minResTime" : 0.0,
    "maxResTime" : 310216.0,
    "pct1ResTime" : 146.0,
    "pct2ResTime" : 250.7499999999991,
    "pct3ResTime" : 19247.989999999998,
    "throughput" : 15.101758393831892,
    "receivedKBytesPerSec" : 14.367258418200638,
    "sentKBytesPerSec" : 1.2243123165479577
  },
  "Get post 10" : {
    "transaction" : "Get post 10",
    "sampleCount" : 500,
    "errorCount" : 167,
    "errorPct" : 33.4,
    "meanResTime" : 816.9319999999999,
    "medianResTime" : 89.0,
    "minResTime" : 45.0,
    "maxResTime" : 310216.0,
    "pct1ResTime" : 131.90000000000003,
    "pct2ResTime" : 143.84999999999997,
    "pct3ResTime" : 1084.8700000000038,
    "throughput" : 1.3759776321076123,
    "receivedKBytesPerSec" : 1.173816418440302,
    "sentKBytesPerSec" : 0.11723490672935621
  },
  "Get post 8" : {
    "transaction" : "Get post 8",
    "sampleCount" : 500,
    "errorCount" : 173,
    "errorPct" : 34.6,
    "meanResTime" : 220.68800000000016,
    "medianResTime" : 91.0,
    "minResTime" : 0.0,
    "maxResTime" : 19283.0,
    "pct1ResTime" : 143.7000000000001,
    "pct2ResTime" : 199.6499999999997,
    "pct3ResTime" : 533.8500000000001,
    "throughput" : 1.6687637464413614,
    "receivedKBytesPerSec" : 1.4766603573490686,
    "sentKBytesPerSec" : 0.13855302121332475
  },
  "Get post 9" : {
    "transaction" : "Get post 9",
    "sampleCount" : 500,
    "errorCount" : 171,
    "errorPct" : 34.2,
    "meanResTime" : 233.32799999999983,
    "medianResTime" : 91.0,
    "minResTime" : 43.0,
    "maxResTime" : 19283.0,
    "pct1ResTime" : 141.90000000000003,
    "pct2ResTime" : 232.74999999999994,
    "pct3ResTime" : 1180.7600000000002,
    "throughput" : 1.6686802074503235,
    "receivedKBytesPerSec" : 1.451816963302385,
    "sentKBytesPerSec" : 0.1393934618606452
  },
  "Get post 6" : {
    "transaction" : "Get post 6",
    "sampleCount" : 500,
    "errorCount" : 177,
    "errorPct" : 35.4,
    "meanResTime" : 347.1580000000002,
    "medianResTime" : 93.5,
    "minResTime" : 47.0,
    "maxResTime" : 43908.0,
    "pct1ResTime" : 137.0,
    "pct2ResTime" : 192.74999999999972,
    "pct3ResTime" : 19068.910000000164,
    "throughput" : 1.6689141377054433,
    "receivedKBytesPerSec" : 1.4939845554513411,
    "sentKBytesPerSec" : 0.13687051687939758
  },
  "Get post 7" : {
    "transaction" : "Get post 7",
    "sampleCount" : 500,
    "errorCount" : 176,
    "errorPct" : 35.2,
    "meanResTime" : 221.05399999999997,
    "medianResTime" : 92.0,
    "minResTime" : 46.0,
    "maxResTime" : 19283.0,
    "pct1ResTime" : 142.80000000000007,
    "pct2ResTime" : 203.04999999999978,
    "pct3ResTime" : 634.0000000000009,
    "throughput" : 1.6688751447749188,
    "receivedKBytesPerSec" : 1.4903902518499481,
    "sentKBytesPerSec" : 0.13729105683187418
  }
}