{
  "Total" : {
    "transaction" : "Total",
    "sampleCount" : 500,
    "errorCount" : 14,
    "errorPct" : 2.8,
    "meanResTime" : 2346.778,
    "medianResTime" : 5.0,
    "minResTime" : 1.0,
    "maxResTime" : 131023.0,
    "pct1ResTime" : 6.0,
    "pct2ResTime" : 7.0,
    "pct3ResTime" : 130136.25,
    "throughput" : 1.8104593859645945,
    "receivedKBytesPerSec" : 1.628741597205375,
    "sentKBytesPerSec" : 0.21137820541834285
  },
  "Get gatito" : {
    "transaction" : "Get gatito",
    "sampleCount" : 500,
    "errorCount" : 14,
    "errorPct" : 2.8,
    "meanResTime" : 2346.778,
    "medianResTime" : 5.0,
    "minResTime" : 1.0,
    "maxResTime" : 131023.0,
    "pct1ResTime" : 6.0,
    "pct2ResTime" : 7.0,
    "pct3ResTime" : 130136.25,
    "throughput" : 1.8104593859645945,
    "receivedKBytesPerSec" : 1.628741597205375,
    "sentKBytesPerSec" : 0.21137820541834285
  }
}