{
  "Get post 4" : {
    "transaction" : "Get post 4",
    "sampleCount" : 1000,
    "errorCount" : 0,
    "errorPct" : 0.0,
    "meanResTime" : 65.90600000000006,
    "medianResTime" : 55.0,
    "minResTime" : 43.0,
    "maxResTime" : 527.0,
    "pct1ResTime" : 90.0,
    "pct2ResTime" : 104.0,
    "pct3ResTime" : 282.6800000000003,
    "throughput" : 3.351947816876387,
    "receivedKBytesPerSec" : 0.8445337272989334,
    "sentKBytesPerSec" : 0.42554025018938507
  },
  "Get post 5" : {
    "transaction" : "Get post 5",
    "sampleCount" : 1000,
    "errorCount" : 0,
    "errorPct" : 0.0,
    "meanResTime" : 70.23699999999997,
    "medianResTime" : 56.0,
    "minResTime" : 43.0,
    "maxResTime" : 813.0,
    "pct1ResTime" : 90.0,
    "pct2ResTime" : 107.94999999999993,
    "pct3ResTime" : 407.98,
    "throughput" : 3.351689419051673,
    "receivedKBytesPerSec" : 0.8608342941509667,
    "sentKBytesPerSec" : 0.4255074457780444
  },
  "Get post 2" : {
    "transaction" : "Get post 2",
    "sampleCount" : 1000,
    "errorCount" : 0,
    "errorPct" : 0.0,
    "meanResTime" : 68.04299999999995,
    "medianResTime" : 56.0,
    "minResTime" : 42.0,
    "maxResTime" : 552.0,
    "pct1ResTime" : 92.0,
    "pct2ResTime" : 105.0,
    "pct3ResTime" : 329.97,
    "throughput" : 3.351464757672341,
    "receivedKBytesPerSec" : 0.844412019022914,
    "sentKBytesPerSec" : 0.42547892431387135
  },
  "Get post 3" : {
    "transaction" : "Get post 3",
    "sampleCount" : 1000,
    "errorCount" : 0,
    "errorPct" : 0.0,
    "meanResTime" : 67.41499999999999,
    "medianResTime" : 55.0,
    "minResTime" : 42.0,
    "maxResTime" : 779.0,
    "pct1ResTime" : 91.0,
    "pct2ResTime" : 105.0,
    "pct3ResTime" : 298.85000000000014,
    "throughput" : 3.351835465100689,
    "receivedKBytesPerSec" : 0.8543252503821093,
    "sentKBytesPerSec" : 0.4255259867803609
  },
  "Get posts" : {
    "transaction" : "Get posts",
    "sampleCount" : 1000,
    "errorCount" : 0,
    "errorPct" : 0.0,
    "meanResTime" : 129.87200000000007,
    "medianResTime" : 113.0,
    "minResTime" : 86.0,
    "maxResTime" : 1363.0,
    "pct1ResTime" : 159.0,
    "pct2ResTime" : 216.0,
    "pct3ResTime" : 458.94000000000005,
    "throughput" : 3.335712808470042,
    "receivedKBytesPerSec" : 3.5246496667622904,
    "sentKBytesPerSec" : 0.42022163309827676
  },
  "Get post 1" : {
    "transaction" : "Get post 1",
    "sampleCount" : 1000,
    "errorCount" : 0,
    "errorPct" : 0.0,
    "meanResTime" : 68.30999999999996,
    "medianResTime" : 55.0,
    "minResTime" : 42.0,
    "maxResTime" : 631.0,
    "pct1ResTime" : 94.0,
    "pct2ResTime" : 116.94999999999993,
    "pct3ResTime" : 320.4800000000005,
    "throughput" : 3.3503755771021932,
    "receivedKBytesPerSec" : 0.8539531500231177,
    "sentKBytesPerSec" : 0.4253406494368019
  },
  "Total" : {
    "transaction" : "Total",
    "sampleCount" : 11000,
    "errorCount" : 0,
    "errorPct" : 0.0,
    "meanResTime" : 73.53309090909066,
    "medianResTime" : 58.0,
    "minResTime" : 42.0,
    "maxResTime" : 2101.0,
    "pct1ResTime" : 106.0,
    "pct2ResTime" : 130.0,
    "pct3ResTime" : 338.9899999999998,
    "throughput" : 36.626987430283855,
    "receivedKBytesPerSec" : 12.024733621909599,
    "sentKBytesPerSec" : 4.649910513610256
  },
  "Get post 10" : {
    "transaction" : "Get post 10",
    "sampleCount" : 1000,
    "errorCount" : 0,
    "errorPct" : 0.0,
    "meanResTime" : 68.83999999999996,
    "medianResTime" : 56.0,
    "minResTime" : 43.0,
    "maxResTime" : 2101.0,
    "pct1ResTime" : 89.0,
    "pct2ResTime" : 108.0,
    "pct3ResTime" : 325.9100000000001,
    "throughput" : 3.3529818067207167,
    "receivedKBytesPerSec" : 0.8349710553845534,
    "sentKBytesPerSec" : 0.42894591472696664
  },
  "Get post 8" : {
    "transaction" : "Get post 8",
    "sampleCount" : 1000,
    "errorCount" : 0,
    "errorPct" : 0.0,
    "meanResTime" : 67.41999999999999,
    "medianResTime" : 54.0,
    "minResTime" : 42.0,
    "maxResTime" : 876.0,
    "pct1ResTime" : 89.0,
    "pct2ResTime" : 103.94999999999993,
    "pct3ResTime" : 346.8000000000002,
    "throughput" : 3.3528581439247884,
    "receivedKBytesPerSec" : 0.8873286689488454,
    "sentKBytesPerSec" : 0.4256558190529517
  },
  "Get post 9" : {
    "transaction" : "Get post 9",
    "sampleCount" : 1000,
    "errorCount" : 0,
    "errorPct" : 0.0,
    "meanResTime" : 65.65499999999989,
    "medianResTime" : 55.0,
    "minResTime" : 43.0,
    "maxResTime" : 789.0,
    "pct1ResTime" : 85.0,
    "pct2ResTime" : 98.0,
    "pct3ResTime" : 309.74000000000024,
    "throughput" : 3.3529818067207167,
    "receivedKBytesPerSec" : 0.8480686405670562,
    "sentKBytesPerSec" : 0.425671518431341
  },
  "Get post 6" : {
    "transaction" : "Get post 6",
    "sampleCount" : 1000,
    "errorCount" : 0,
    "errorPct" : 0.0,
    "meanResTime" : 68.97199999999992,
    "medianResTime" : 56.0,
    "minResTime" : 43.0,
    "maxResTime" : 607.0,
    "pct1ResTime" : 91.0,
    "pct2ResTime" : 111.94999999999993,
    "pct3ResTime" : 343.96000000000004,
    "throughput" : 3.3522624419220532,
    "receivedKBytesPerSec" : 0.8609814670170899,
    "sentKBytesPerSec" : 0.42558019282213566
  },
  "Get post 7" : {
    "transaction" : "Get post 7",
    "sampleCount" : 1000,
    "errorCount" : 0,
    "errorPct" : 0.0,
    "meanResTime" : 68.19399999999997,
    "medianResTime" : 54.0,
    "minResTime" : 42.0,
    "maxResTime" : 1395.0,
    "pct1ResTime" : 91.0,
    "pct2ResTime" : 104.94999999999993,
    "pct3ResTime" : 358.84000000000015,
    "throughput" : 3.3527682130751257,
    "receivedKBytesPerSec" : 0.8742081180576743,
    "sentKBytesPerSec" : 0.425644402050553
  }
}