{
  "Get post 4" : {
    "transaction" : "Get post 4",
    "sampleCount" : 1000,
    "errorCount" : 0,
    "errorPct" : 0.0,
    "meanResTime" : 50.32500000000005,
    "medianResTime" : 48.0,
    "minResTime" : 45.0,
    "maxResTime" : 162.0,
    "pct1ResTime" : 55.0,
    "pct2ResTime" : 66.0,
    "pct3ResTime" : 80.0,
    "throughput" : 5.573235095776045,
    "receivedKBytesPerSec" : 1.4041939987404488,
    "sentKBytesPerSec" : 0.6803265497773493
  },
  "Get post 5" : {
    "transaction" : "Get post 5",
    "sampleCount" : 1000,
    "errorCount" : 0,
    "errorPct" : 0.0,
    "meanResTime" : 50.638999999999974,
    "medianResTime" : 48.0,
    "minResTime" : 45.0,
    "maxResTime" : 353.0,
    "pct1ResTime" : 54.0,
    "pct2ResTime" : 65.0,
    "pct3ResTime" : 81.99000000000001,
    "throughput" : 5.573607852098742,
    "receivedKBytesPerSec" : 1.4315027979511417,
    "sentKBytesPerSec" : 0.6803720522581472
  },
  "Get post 2" : {
    "transaction" : "Get post 2",
    "sampleCount" : 1000,
    "errorCount" : 0,
    "errorPct" : 0.0,
    "meanResTime" : 50.356000000000044,
    "medianResTime" : 48.0,
    "minResTime" : 44.0,
    "maxResTime" : 349.0,
    "pct1ResTime" : 53.0,
    "pct2ResTime" : 58.0,
    "pct3ResTime" : 80.0,
    "throughput" : 5.572023981991218,
    "receivedKBytesPerSec" : 1.4038888548376314,
    "sentKBytesPerSec" : 0.6801787087391624
  },
  "Get post 3" : {
    "transaction" : "Get post 3",
    "sampleCount" : 1000,
    "errorCount" : 0,
    "errorPct" : 0.0,
    "meanResTime" : 49.91900000000001,
    "medianResTime" : 48.0,
    "minResTime" : 45.0,
    "maxResTime" : 118.0,
    "pct1ResTime" : 54.0,
    "pct2ResTime" : 61.94999999999993,
    "pct3ResTime" : 79.99000000000001,
    "throughput" : 5.5727071096597305,
    "receivedKBytesPerSec" : 1.420387261348818,
    "sentKBytesPerSec" : 0.680262098347135
  },
  "Get posts" : {
    "transaction" : "Get posts",
    "sampleCount" : 1000,
    "errorCount" : 0,
    "errorPct" : 0.0,
    "meanResTime" : 150.05199999999996,
    "medianResTime" : 144.0,
    "minResTime" : 136.0,
    "maxResTime" : 470.0,
    "pct1ResTime" : 166.0,
    "pct2ResTime" : 175.94999999999993,
    "pct3ResTime" : 245.95000000000005,
    "throughput" : 5.556666888933342,
    "receivedKBytesPerSec" : 5.871399974439332,
    "sentKBytesPerSec" : 0.6728776310817719
  },
  "Get post 1" : {
    "transaction" : "Get post 1",
    "sampleCount" : 1000,
    "errorCount" : 0,
    "errorPct" : 0.0,
    "meanResTime" : 50.50899999999996,
    "medianResTime" : 48.0,
    "minResTime" : 45.0,
    "maxResTime" : 134.0,
    "pct1ResTime" : 55.0,
    "pct2ResTime" : 67.0,
    "pct3ResTime" : 83.0,
    "throughput" : 5.569324162512879,
    "receivedKBytesPerSec" : 1.4195250062654896,
    "sentKBytesPerSec" : 0.6798491409317479
  },
  "Total" : {
    "transaction" : "Total",
    "sampleCount" : 11000,
    "errorCount" : 0,
    "errorPct" : 0.0,
    "meanResTime" : 59.33400000000007,
    "medianResTime" : 49.0,
    "minResTime" : 44.0,
    "maxResTime" : 470.0,
    "pct1ResTime" : 80.0,
    "pct2ResTime" : 144.0,
    "pct3ResTime" : 165.0,
    "throughput" : 60.962430516684314,
    "receivedKBytesPerSec" : 20.01412180847821,
    "sentKBytesPerSec" : 7.44170294393119
  },
  "Get post 10" : {
    "transaction" : "Get post 10",
    "sampleCount" : 1000,
    "errorCount" : 0,
    "errorPct" : 0.0,
    "meanResTime" : 50.16700000000005,
    "medianResTime" : 48.0,
    "minResTime" : 45.0,
    "maxResTime" : 353.0,
    "pct1ResTime" : 54.0,
    "pct2ResTime" : 60.94999999999993,
    "pct3ResTime" : 79.0,
    "throughput" : 5.575845437564471,
    "receivedKBytesPerSec" : 1.3885161978309961,
    "sentKBytesPerSec" : 0.6860903565753157
  },
  "Get post 8" : {
    "transaction" : "Get post 8",
    "sampleCount" : 1000,
    "errorCount" : 0,
    "errorPct" : 0.0,
    "meanResTime" : 50.38099999999999,
    "medianResTime" : 48.0,
    "minResTime" : 44.0,
    "maxResTime" : 162.0,
    "pct1ResTime" : 54.0,
    "pct2ResTime" : 68.0,
    "pct3ResTime" : 81.98000000000002,
    "throughput" : 5.575006132506745,
    "receivedKBytesPerSec" : 1.4754166620208282,
    "sentKBytesPerSec" : 0.6805427407845148
  },
  "Get post 9" : {
    "transaction" : "Get post 9",
    "sampleCount" : 1000,
    "errorCount" : 0,
    "errorPct" : 0.0,
    "meanResTime" : 50.226,
    "medianResTime" : 48.0,
    "minResTime" : 45.0,
    "maxResTime" : 344.0,
    "pct1ResTime" : 54.0,
    "pct2ResTime" : 62.0,
    "pct3ResTime" : 80.0,
    "throughput" : 5.575596728239839,
    "receivedKBytesPerSec" : 1.410233938099725,
    "sentKBytesPerSec" : 0.6806148349902148
  },
  "Get post 6" : {
    "transaction" : "Get post 6",
    "sampleCount" : 1000,
    "errorCount" : 0,
    "errorPct" : 0.0,
    "meanResTime" : 49.74200000000001,
    "medianResTime" : 48.0,
    "minResTime" : 45.0,
    "maxResTime" : 122.0,
    "pct1ResTime" : 53.0,
    "pct2ResTime" : 59.0,
    "pct3ResTime" : 79.0,
    "throughput" : 5.573887452064568,
    "receivedKBytesPerSec" : 1.4315746092704897,
    "sentKBytesPerSec" : 0.6804061831133507
  },
  "Get post 7" : {
    "transaction" : "Get post 7",
    "sampleCount" : 1000,
    "errorCount" : 0,
    "errorPct" : 0.0,
    "meanResTime" : 50.35800000000002,
    "medianResTime" : 48.0,
    "minResTime" : 44.0,
    "maxResTime" : 352.0,
    "pct1ResTime" : 54.0,
    "pct2ResTime" : 63.0,
    "pct3ResTime" : 80.0,
    "throughput" : 5.574446736161436,
    "receivedKBytesPerSec" : 1.4534934360889682,
    "sentKBytesPerSec" : 0.6804744550978316
  }
}