{
  "Get post 4" : {
    "transaction" : "Get post 4",
    "sampleCount" : 1000,
    "errorCount" : 484,
    "errorPct" : 48.4,
    "meanResTime" : 509.3129999999998,
    "medianResTime" : 86.0,
    "minResTime" : 42.0,
    "maxResTime" : 53853.0,
    "pct1ResTime" : 126.0,
    "pct2ResTime" : 148.89999999999986,
    "pct3ResTime" : 19267.96,
    "throughput" : 3.3527232494593733,
    "receivedKBytesPerSec" : 3.7789185476841065,
    "sentKBytesPerSec" : 0.21962956598997538
  },
  "Get post 5" : {
    "transaction" : "Get post 5",
    "sampleCount" : 1000,
    "errorCount" : 480,
    "errorPct" : 48.0,
    "meanResTime" : 200.8270000000001,
    "medianResTime" : 87.0,
    "minResTime" : 42.0,
    "maxResTime" : 19291.0,
    "pct1ResTime" : 124.0,
    "pct2ResTime" : 138.0,
    "pct3ResTime" : 445.5700000000004,
    "throughput" : 3.3536115042289043,
    "receivedKBytesPerSec" : 3.7552719820850076,
    "sentKBytesPerSec" : 0.22139075945886127
  },
  "Get post 2" : {
    "transaction" : "Get post 2",
    "sampleCount" : 1000,
    "errorCount" : 489,
    "errorPct" : 48.9,
    "meanResTime" : 207.6200000000001,
    "medianResTime" : 87.0,
    "minResTime" : 42.0,
    "maxResTime" : 19289.0,
    "pct1ResTime" : 123.0,
    "pct2ResTime" : 140.94999999999993,
    "pct3ResTime" : 425.99,
    "throughput" : 3.3524085379140645,
    "receivedKBytesPerSec" : 3.799598229551146,
    "sentKBytesPerSec" : 0.21748095622424932
  },
  "Get post 3" : {
    "transaction" : "Get post 3",
    "sampleCount" : 1000,
    "errorCount" : 488,
    "errorPct" : 48.8,
    "meanResTime" : 217.4189999999999,
    "medianResTime" : 86.0,
    "minResTime" : 42.0,
    "maxResTime" : 19321.0,
    "pct1ResTime" : 120.0,
    "pct2ResTime" : 135.89999999999986,
    "pct3ResTime" : 396.85000000000014,
    "throughput" : 3.352880627391023,
    "receivedKBytesPerSec" : 3.8009551413909763,
    "sentKBytesPerSec" : 0.2179372407804165
  },
  "Get posts" : {
    "transaction" : "Get posts",
    "sampleCount" : 1000,
    "errorCount" : 498,
    "errorPct" : 49.8,
    "meanResTime" : 1109.2340000000013,
    "medianResTime" : 101.0,
    "minResTime" : 82.0,
    "maxResTime" : 53863.0,
    "pct1ResTime" : 158.89999999999998,
    "pct2ResTime" : 437.4499999999979,
    "pct3ResTime" : 51165.94,
    "throughput" : 3.335501409249346,
    "receivedKBytesPerSec" : 5.199779596320941,
    "sentKBytesPerSec" : 0.2109378908790714
  },
  "Get post 1" : {
    "transaction" : "Get post 1",
    "sampleCount" : 1000,
    "errorCount" : 494,
    "errorPct" : 49.4,
    "meanResTime" : 335.83600000000007,
    "medianResTime" : 87.0,
    "minResTime" : 44.0,
    "maxResTime" : 19338.0,
    "pct1ResTime" : 127.89999999999998,
    "pct2ResTime" : 169.89999999999986,
    "pct3ResTime" : 9881.090000000002,
    "throughput" : 3.351520920193584,
    "receivedKBytesPerSec" : 3.837281983564141,
    "sentKBytesPerSec" : 0.21529594348665423
  },
  "Total" : {
    "transaction" : "Total",
    "sampleCount" : 11000,
    "errorCount" : 5297,
    "errorPct" : 48.154545,
    "meanResTime" : 333.23318181818144,
    "medianResTime" : 88.0,
    "minResTime" : 42.0,
    "maxResTime" : 54070.0,
    "pct1ResTime" : 126.0,
    "pct2ResTime" : 144.0,
    "pct3ResTime" : 9273.019999999935,
    "throughput" : 36.278008271385886,
    "receivedKBytesPerSec" : 42.05812497011187,
    "sentKBytesPerSec" : 2.387903917488968
  },
  "Get post 10" : {
    "transaction" : "Get post 10",
    "sampleCount" : 1000,
    "errorCount" : 465,
    "errorPct" : 46.5,
    "meanResTime" : 237.92500000000018,
    "medianResTime" : 85.5,
    "minResTime" : 44.0,
    "maxResTime" : 19337.0,
    "pct1ResTime" : 122.0,
    "pct2ResTime" : 137.0,
    "pct3ResTime" : 1100.6800000000057,
    "throughput" : 3.3268681196208703,
    "receivedKBytesPerSec" : 3.6238430816114016,
    "sentKBytesPerSec" : 0.2276987814097936
  },
  "Get post 8" : {
    "transaction" : "Get post 8",
    "sampleCount" : 1000,
    "errorCount" : 472,
    "errorPct" : 47.2,
    "meanResTime" : 217.1160000000001,
    "medianResTime" : 87.0,
    "minResTime" : 43.0,
    "maxResTime" : 19289.0,
    "pct1ResTime" : 125.0,
    "pct2ResTime" : 138.94999999999993,
    "pct3ResTime" : 358.95000000000005,
    "throughput" : 3.3269898726428275,
    "receivedKBytesPerSec" : 3.693316150123764,
    "sentKBytesPerSec" : 0.22301228990058955
  },
  "Get post 9" : {
    "transaction" : "Get post 9",
    "sampleCount" : 1000,
    "errorCount" : 471,
    "errorPct" : 47.1,
    "meanResTime" : 237.2280000000001,
    "medianResTime" : 84.0,
    "minResTime" : 43.0,
    "maxResTime" : 19403.0,
    "pct1ResTime" : 121.89999999999998,
    "pct2ResTime" : 136.0,
    "pct3ResTime" : 468.97,
    "throughput" : 3.3267574427880886,
    "receivedKBytesPerSec" : 3.6683023743899557,
    "sentKBytesPerSec" : 0.22341905209036803
  },
  "Get post 6" : {
    "transaction" : "Get post 6",
    "sampleCount" : 1000,
    "errorCount" : 479,
    "errorPct" : 47.9,
    "meanResTime" : 176.00399999999993,
    "medianResTime" : 85.0,
    "minResTime" : 43.0,
    "maxResTime" : 54070.0,
    "pct1ResTime" : 118.89999999999998,
    "pct2ResTime" : 132.94999999999993,
    "pct3ResTime" : 386.82000000000016,
    "throughput" : 3.3532179155726793,
    "receivedKBytesPerSec" : 3.7415690146736815,
    "sentKBytesPerSec" : 0.22179047795091558
  },
  "Get post 7" : {
    "transaction" : "Get post 7",
    "sampleCount" : 1000,
    "errorCount" : 477,
    "errorPct" : 47.7,
    "meanResTime" : 217.04299999999995,
    "medianResTime" : 85.0,
    "minResTime" : 43.0,
    "maxResTime" : 19285.0,
    "pct1ResTime" : 124.0,
    "pct2ResTime" : 133.94999999999993,
    "pct3ResTime" : 381.95000000000005,
    "throughput" : 3.353296625912935,
    "receivedKBytesPerSec" : 3.7455668370700237,
    "sentKBytesPerSec" : 0.22264710702716842
  }
}